{"cameraMode":{"drawMode":0,"name":"Shaded","section":"Shading Mode"},"sceneLighting":true,"audioPlay":false,"sceneViewState":{"m_AlwaysRefresh":false,"showFog":true,"showSkybox":true,"showFlares":true,"showImageEffects":true,"showParticleSystems":true,"showVisualEffectGraphs":true,"m_FxEnabled":true},"in2DMode":false,"pivot":{"x":19.748750686645509,"y":-7.2841339111328129,"z":34.02290725708008},"rotation":{"x":0.10804277658462525,"y":0.2652021646499634,"z":-0.028340501710772516,"w":0.957880973815918},"size":24.06280517578125,"orthographic":false}