{"cameraMode":{"drawMode":0,"name":"Shaded","section":"Shading Mode"},"sceneLighting":true,"audioPlay":false,"sceneViewState":{"m_AlwaysRefresh":false,"showFog":true,"showSkybox":true,"showFlares":true,"showImageEffects":true,"showParticleSystems":true,"showVisualEffectGraphs":true,"m_FxEnabled":true},"in2DMode":false,"pivot":{"x":2.2298495769500734,"y":-12.207047462463379,"z":-9.654092788696289},"rotation":{"x":0.5829871892929077,"y":0.01862071081995964,"z":-0.012601387687027455,"w":0.8122890591621399},"size":7.499189853668213,"orthographic":false}