{"cameraMode":{"drawMode":0,"name":"Shaded","section":"Shading Mode"},"sceneLighting":true,"audioPlay":false,"sceneViewState":{"m_AlwaysRefresh":false,"showFog":true,"showSkybox":true,"showFlares":true,"showImageEffects":true,"showParticleSystems":true,"showVisualEffectGraphs":true,"m_FxEnabled":true},"in2DMode":false,"pivot":{"x":5.235899925231934,"y":-23.220319747924806,"z":3.429637908935547},"rotation":{"x":-0.41353070735931399,"y":0.06768615543842316,"z":-0.011784127913415432,"w":-0.9092162847518921},"size":30.174884796142579,"orthographic":false}